{"episode_reward_max": 0.0, "episode_reward_min": 0.0, "episode_reward_mean": 0.0, "episode_len_mean": 713.5, "episode_media": {}, "episodes_this_iter": 2, "policy_reward_min": {}, "policy_reward_max": {}, "policy_reward_mean": {}, "custom_metrics": {}, "hist_stats": {"episode_reward": [0.0, 0.0], "episode_lengths": [517, 910]}, "sampler_perf": {"mean_raw_obs_processing_ms": 1.5863166659137236, "mean_inference_ms": 5.442894910828897, "mean_action_processing_ms": 0.10729169623205298, "mean_env_wait_ms": 12.30218408903545, "mean_env_render_ms": 0.0}, "off_policy_estimator": {}, "num_healthy_workers": 1, "timesteps_total": 1500, "agent_timesteps_total": 1500, "timers": {"load_time_ms": 19.001, "load_throughput": 13472.632, "learn_time_ms": 119.499, "learn_throughput": 2142.274, "update_time_ms": 2.0}, "info": {"learner": {"default_policy": {"learner_stats": {"mean_q": -151331888.0, "max_q": -86884808.0, "min_q": -152983648.0, "model": {}}, "td_error": "[-1520992. -1425072. -1517696. -1422256. -1352256. -1519488. -1517328.\n -1517696. -1519488. -1686992. -1519488. -1243952. -1518784. -1518784.\n -1589280. -1372560. -1628240. -1522032. -1372560. -1589280. -1518784.\n -1422752. -1338432. -1518784. -1448992. -1448992. -1448992. -1516064.\n -1518784. -1408224. -1517696. -1519488. -1519488. -1589280. -1448992.\n -1422784. -1519488. -1518784. -1518784. -1617200. -1589280. -1518784.\n -1518784. -1589280. -1519488. -1517680. -1519488. -1589280. -1628240.\n -2171168. -1448992. -1589280. -1521008. -1520448. -1516064. -1518784.\n -1519488. -1558960. -1518784. -1408224. -1518784. -1675296.  -868848.\n -1409328. -1589280. -1448992. -1516112. -1589280. -1514896. -1589280.\n -1517696. -1558880. -1448992. -1521024. -1663552. -1589280. -1686960.\n -1408224. -1517696. -1617200. -1686992. -1589280. -1311376. -1517312.\n -1519488. -1578544. -1517696. -1627152. -1518784. -1517696. -1528032.\n -1516064. -1518784. -1628240. -1519488. -1518784. -1686992. -1517696.\n -1517328. -1448992. -1448992. -1519488. -1518784. -1518784. -1352256.\n -1338432. -1338432.   105680. -1368128. -1519504. -1518784. -1372560.\n -1448992. -1448992. -1628240. -1628240. -1517328. -1663552. -1519488.\n -1521056. -1338448. -1448992. -1518784. -1589280. -1338432. -1519488.\n -1338432. -1516064. -1628240. 64545920. -1514896. -1516112. -1518784.\n -1518784. -1522064. -1517328. -1520480. -1481152. -1372560. -1589280.\n -1518784. -1519488. -1338432. -1338432. -1589280. -1519488. -2273664.\n -1516064. -1517328. -1450176. -1448992. -1408224. -1448992. -1517328.\n -1519488. -1516064. -1448992. -1518784. -1519488. -1628240. -1517328.\n -1422784. -1589280. -1589280. -1338432. -1517328. -1448992. -1520448.\n -1516064. -1518784. -1521056. -1518784. -1241728. -1589280. -1517728.\n -1698720. -1518784. -1518784. -1617200. -1518784. -1517696. -1514464.\n -1589280. -1589280. -1481152. -1517328. -1589280. -1480928. -1519488.\n -1516064. -1519488. -1522032. -1520464. -1698736. -1514464. -1470464.\n -1517680. -1422752. -1448992. -1521024. -1352256. -1628240. -1589280.\n -2273664. -1372560. -1698720. -1589280. -1338448. -1520448. -1698736.\n -1518784. -1796400. -1517328. -1517696. -1517296. -1408224. -1519488.\n -1517328. -1417024. -1516064. -1408224. -1421440. -1448992. -1338432.\n -1517696. -1311376. -1422256. -1519488. -1520096. -1519488. -1519488.\n -1448992. -1521024. -1628240. -1518784. -1517696. -1422752. -1398176.\n -1518784. -1514912. -1518784. -1518784. -1519488. -1338432. -1628224.\n -1338432. -1448992. -1519488. -1417024. -1518784. -1627360. -1422752.\n -1589280. -1519488. -1518784. -1338432.]", "train": null}}, "num_steps_sampled": 1500, "num_agent_steps_sampled": 1500, "num_steps_trained": 256, "num_agent_steps_trained": 256, "last_target_update_ts": 1500, "num_target_updates": 1}, "done": false, "episodes_total": 2, "training_iteration": 1, "experiment_id": "40d4b7b08c2b4563a8251c81fda14076", "date": "2021-12-21_10-09-19", "timestamp": 1640077759, "time_this_iter_s": 31.45500111579895, "time_total_s": 31.45500111579895, "pid": 33088, "hostname": "DESKTOP-DC3PIC0", "node_ip": "172.22.22.53", "config": {"num_workers": 1, "num_envs_per_worker": 1, "create_env_on_driver": false, "rollout_fragment_length": 1, "batch_mode": "truncate_episodes", "gamma": 0.99, "lr": 0.0001, "train_batch_size": 256, "model": {"_use_default_native_models": false, "fcnet_hiddens": [256, 256], "fcnet_activation": "tanh", "conv_filters": null, "conv_activation": "relu", "post_fcnet_hiddens": [], "post_fcnet_activation": "relu", "free_log_std": false, "no_final_linear": false, "vf_share_layers": true, "use_lstm": false, "max_seq_len": 20, "lstm_cell_size": 256, "lstm_use_prev_action": false, "lstm_use_prev_reward": false, "_time_major": false, "use_attention": false, "attention_num_transformer_units": 1, "attention_dim": 64, "attention_num_heads": 1, "attention_head_dim": 32, "attention_memory_inference": 50, "attention_memory_training": 50, "attention_position_wise_mlp_dim": 32, "attention_init_gru_gate_bias": 2.0, "attention_use_n_prev_actions": 0, "attention_use_n_prev_rewards": 0, "num_framestacks": "auto", "dim": 84, "grayscale": false, "zero_mean": true, "custom_model": null, "custom_model_config": {}, "custom_action_dist": null, "custom_preprocessor": null, "lstm_use_prev_action_reward": -1, "framestack": true}, "optimizer": {}, "horizon": null, "soft_horizon": false, "no_done_at_end": false, "env": "AC_Env", "observation_space": null, "action_space": null, "env_config": {}, "env_task_fn": null, "render_env": false, "record_env": false, "clip_rewards": null, "normalize_actions": true, "clip_actions": false, "preprocessor_pref": "deepmind", "log_level": "WARN", "callbacks": "<class 'ray.rllib.agents.callbacks.DefaultCallbacks'>", "ignore_worker_failures": false, "log_sys_usage": true, "fake_sampler": false, "framework": "tf", "eager_tracing": false, "explore": true, "exploration_config": {"type": "OrnsteinUhlenbeckNoise", "random_timesteps": 1000, "ou_base_scale": 0.1, "ou_theta": 0.15, "ou_sigma": 0.2, "initial_scale": 1.0, "final_scale": 1.0, "scale_timesteps": 10000}, "evaluation_interval": null, "evaluation_num_episodes": 10, "evaluation_parallel_to_training": false, "in_evaluation": false, "evaluation_config": {"explore": false}, "evaluation_num_workers": 0, "custom_eval_function": null, "sample_async": false, "sample_collector": "<class 'ray.rllib.evaluation.collectors.simple_list_collector.SimpleListCollector'>", "observation_filter": "NoFilter", "synchronize_filters": true, "tf_session_args": {"intra_op_parallelism_threads": 2, "inter_op_parallelism_threads": 2, "gpu_options": {"allow_growth": true}, "log_device_placement": false, "device_count": {"CPU": 1}, "allow_soft_placement": true}, "local_tf_session_args": {"intra_op_parallelism_threads": 8, "inter_op_parallelism_threads": 8}, "compress_observations": false, "collect_metrics_timeout": 180, "metrics_smoothing_episodes": 100, "remote_worker_envs": false, "remote_env_batch_wait_ms": 0, "min_iter_time_s": 1, "timesteps_per_iteration": 1000, "seed": null, "extra_python_environs_for_driver": {}, "extra_python_environs_for_worker": {}, "num_gpus": 1, "_fake_gpus": false, "num_cpus_per_worker": 8, "num_gpus_per_worker": 0, "custom_resources_per_worker": {}, "num_cpus_for_driver": 1, "placement_strategy": "PACK", "input": "sampler", "input_config": {}, "actions_in_input_normalized": false, "input_evaluation": ["is", "wis"], "postprocess_inputs": false, "shuffle_buffer_size": 0, "output": null, "output_compress_columns": ["obs", "new_obs"], "output_max_file_size": 67108864, "multiagent": {"policies": {"default_policy": ["<class 'ray.rllib.policy.tf_policy_template.DDPGTFPolicy'>", null, null, {}]}, "policy_map_capacity": 100, "policy_map_cache": null, "policy_mapping_fn": null, "policies_to_train": null, "observation_fn": null, "replay_mode": "independent", "count_steps_by": "env_steps"}, "logger_config": null, "simple_optimizer": false, "monitor": -1, "twin_q": false,