{"episode_reward_max": 0.0, "episode_reward_min": 0.0, "episode_reward_mean": 0.0, "episode_len_mean": 717.5, "episode_media": {}, "episodes_this_iter": 2, "policy_reward_min": {}, "policy_reward_max": {}, "policy_reward_mean": {}, "custom_metrics": {}, "hist_stats": {"episode_reward": [0.0, 0.0], "episode_lengths": [533, 902]}, "sampler_perf": {"mean_raw_obs_processing_ms": 1.5763046739897197, "mean_inference_ms": 5.314926716742875, "mean_action_processing_ms": 0.09496715527864236, "mean_env_wait_ms": 12.084698375267319, "mean_env_render_ms": 0.0}, "off_policy_estimator": {}, "num_healthy_workers": 1, "timesteps_total": 1500, "agent_timesteps_total": 1500, "timers": {"load_time_ms": 18.501, "load_throughput": 13837.414, "learn_time_ms": 106.501, "learn_throughput": 2403.731, "update_time_ms": 2.499}, "info": {"learner": {"default_policy": {"learner_stats": {"mean_q": -79083704.0, "max_q": -77875520.0, "min_q": -79640360.0, "model": {}}, "td_error": "[  -791032.   -791512.   -788808.   -858392.   -791032.   -839176.\n   -790888.   -743360.   -787424.   -880184.   -791512.   -792952.\n   -788816.   -698152.   -789720.   -791512.   -911216.   -743360.\n   -839184.   -743360.   -789720.   -791032.   -880248.   -791512.\n   -791504.   -736824.   -737048. -26204680.   -791512.   -791512.\n   -859856.   -776808.   -878872.   -792976.   -789720.   -776808.\n   -791040.   -791504.   -791032.   -805112.   -791032.   -722600.\n   -791032.   -789720.   -791512.   -839184.   -743360.   -736824.\n   -776808.   -791512.   -703672.   -655264.   -791032.   -791032.\n   -973928.   -839184.   -784400.   -791032.   -927912.   -736832.\n   -788816.   -790888.   -743360.   -790888.   -791032.   -791512.\n   -839184.   -791512.   -853264.   -791512.   -789720.   -655264.\n   -789720.   -716032.   -791032.   -791032.   -703736.   -729136.\n   -784984.   -805112.   -849984.   -791032.   -790888.   -839184.\n   -859856.   -805112.   -859864.   -791512.   -741440.   -880240.\n   -743360.   -942016.   -791512.  -1889256.   -791512.   -791032.\n   -790888.   -729136.   -729136.   -791504.   -791032.   -853264.\n   -735664.   -805112.   -937576.   -906632.   -743368.   -789192.\n   -792400.   -942000.   -791032.   -790888.   -927920.   -791512.\n   -789192.   -791032.   -805112.   -791512.   -927912.   -927912.\n   -788816.   -729136.   -839184.   -791512.   -655512.   -655512.\n   -786840.   -859856.   -791032.   -791512.   -743360.   -849448.\n  -1390368.  -3216920.   -776808.   -743360.   -789672.   -791512.\n   -986424.   -805112.   -791032.   -805112.   -790888.   -791032.\n   -841816.   -791032.   -925440.   -791032.   -789720.   -789720.\n   -791512.   -791512.   -843432.   -942000.   -792400.   -789192.\n   -859856.   -845784.   -743360.   -839184.   -791504.   -750736.\n   -789720.   -789192.   -853264.   -790888.   -805112.   -791032.\n   -791512.   -791032.   -791032.   -788816.   -790888.   -791576.\n   -791032.   -880240.   -925440.   -791032.   -790888.   -790888.\n   -859856.   -743360.   -792392.   -791504.   -790888.   -798112.\n   -791512.   -841864.   -789720.   -776816.   -789720.   -792720.\n   -743360.   -790888.   -792400.   -789720.   -790888.   -942000.\n   -722608.   -791512.   -673896.   -788808.   -791032.   -790888.\n   -942016.   -839184.   -862368.   -790888.   -790888.   -729144.\n   -722608.   -743360.   -655512.   -789720.   -839184.   -703664.\n  -1147832.   -842048.   -729152.   -718448.   -738880.   -791512.\n   -842048.   -845776.   -790888.   -839184.   -790888.   -839184.\n   -791512.   -788816.   -791032. -26204680.   -791512.   -789200.\n   -736824.   -839184.   -788808.   -791032.   -776808.   -790888.\n   -792400.   -791032.   -791040.   -791032.   -530064.   -789192.\n   -791032.   -790888.   -698600.   -845776.   -790888.   -906712.\n   -927920.   -789192.   -792400.   -736832.]", "train": null}}, "num_steps_sampled": 1500, "num_agent_steps_sampled": 1500, "num_steps_trained": 256, "num_agent_steps_trained": 256, "last_target_update_ts": 1500, "num_target_updates": 1}, "done": false, "episodes_total": 2, "training_iteration": 1, "experiment_id": "88bd82577c5d43bcbecbb91e12ac030d", "date": "2021-12-21_10-12-38", "timestamp": 1640077958, "time_this_iter_s": 30.868998765945435, "time_total_s": 30.868998765945435, "pid": 31608, "hostname": "DESKTOP-DC3PIC0", "node_ip": "172.22.22.53", "config": {"num_workers": 1, "num_envs_per_worker": 1, "create_env_on_driver": false, "rollout_fragment_length": 1, "batch_mode": "truncate_episodes", "gamma": 0.99, "lr": 0.0001, "train_batch_size": 256, "model": {"_use_default_native_models": false, "fcnet_hiddens": [256, 256], "fcnet_activation": "tanh", "conv_filters": null, "conv_activation": "relu", "post_fcnet_hiddens": [], "post_fcnet_activation": "relu", "free_log_std": false, "no_final_linear": false, "vf_share_layers": true, "use_lstm": false, "max_seq_len": 20, "lstm_cell_size": 256, "lstm_use_prev_action": false, "lstm_use_prev_reward": false, "_time_major": false, "use_attention": false, "attention_num_transformer_units": 1, "attention_dim": 64, "attention_num_heads": 1, "attention_head_dim": 32, "attention_memory_inference": 50, "attention_memory_training": 50, "attention_position_wise_mlp_dim": 32, "attention_init_gru_gate_bias": 2.0, "attention_use_n_prev_actions": 0, "attention_use_n_prev_rewards": 0, "num_framestacks": "auto", "dim": 84, "grayscale": false, "zero_mean": true, "custom_model": null, "custom_model_config": {}, "custom_action_dist": null, "custom_preprocessor": null, "lstm_use_prev_action_reward": -1, "framestack": true}, "optimizer": {}, "horizon": null, "soft_horizon": false, "no_done_at_end": false, "env": "AC_Env", "observation_space": null, "action_space": null, "env_config": {}, "env_task_fn": null, "render_env": false, "record_env": false, "clip_rewards": null, "normalize_actions": true, "clip_actions": false, "preprocessor_pref": "deepmind", "log_level": "WARN", "callbacks": "<class 'ray.rllib.agents.callbacks.DefaultCallbacks'>", "ignore_worker_failures": false, "log_sys_usage": true, "fake_sampler": false, "framework": "tf", "eager_tracing": false, "explore": true, "exploration_config": {"type": "OrnsteinUhlenbeckNoise", "random_timesteps": 1000, "ou_base_scale": 0.1, "ou_theta": 0.15, "ou_sigma": 0.2, "initial_scale": 1.0, "final_scale": 1.0, "scale_timesteps": 10000}, "evaluation_interval": null, "evaluation_num_episodes": 10, "evaluation_parallel_to_training": false, "in_evaluation": false, "evaluation_config": {"explore": false}, "evaluation_num_workers": 0, "custom_eval_function": null, "sample_async": false, "sample_collector": "<class 'ray.rllib.evaluation.collectors.simple_list_collector.SimpleListCollector'>", "observation_filter": "NoFilter", "synchronize_filters": true, "tf_session_args": {"intra_op_parallelism_threads": 2, "inter_op_parallelism_threads": 2, "gpu_options": {"allow_growth": true}, "log_device_placement": false, "device_count": {"CPU": 1}, "allow_soft_placement": true}, "local_tf_session_args": {"intra_op_parallelism_threads": 8, "inter_op_parallelism_threads": 8}, "compress_observations": false, "collect_metrics_timeout": 180, "metrics_smoothing_episodes": 100, "remote_worker_envs": false, "remote_env_batch_wait_ms": 0, "min_iter_time_s": 1, "timesteps_per_iteration": 1000, "seed": null, "extra_python_environs_for_driver": {}, "extra_python_environs_for_worker": {}, "num_gpus": 1, "_fake_gpus": false, "num_cpus_per_worker": 8, "num_gpus_per_worker": 0, "custom_resources_per_worker": {}, "num_cpus_for_driver": 1, "placement_strategy": "PACK", "input": "sampler", "input_config": {}, "actions_in_input_normalized": false, "input_evaluation": ["is", "wis"], "postprocess_inputs": false, "shuffle_buffer_size": 0, "output": null, "output_compress_columns": ["obs", "new_obs"], "output_max_file_size": 67108864, "multiagent": {"policies": {"default_policy": ["<class 'ray.rllib.policy.tf_policy_template.DDPGTFPolicy'>", null, null, {}]},