{"episode_reward_max": 0.0, "episode_reward_min": 0.0, "episode_reward_mean": 0.0, "episode_len_mean": 717.5, "episode_media": {}, "episodes_this_iter": 2, "policy_reward_min": {}, "policy_reward_max": {}, "policy_reward_mean": {}, "custom_metrics": {}, "hist_stats": {"episode_reward": [0.0, 0.0], "episode_lengths": [513, 922]}, "sampler_perf": {"mean_raw_obs_processing_ms": 1.5856635165484565, "mean_inference_ms": 5.548478284730345, "mean_action_processing_ms": 0.10563531452461054, "mean_env_wait_ms": 12.306198765642241, "mean_env_render_ms": 0.0}, "off_policy_estimator": {}, "num_healthy_workers": 1, "timesteps_total": 1500, "agent_timesteps_total": 1500, "timers": {"load_time_ms": 21.0, "load_throughput": 12190.391, "learn_time_ms": 137.5, "learn_throughput": 1861.814, "update_time_ms": 2.502}, "info": {"learner": {"default_policy": {"learner_stats": {"mean_q": -42241628.0, "max_q": -41769104.0, "min_q": -79363464.0, "model": {}}, "td_error": "[  -421068.   -420956.   -421012.   -420816.   -421248.   -434204.\n   -378804.   -420880.   -392188.   -421012.   -420876.   -468488.\n   -421248.   -420816.   -406984.   -421068.   -420956.   -420824.\n   -420820.   -463268.   -422620.   -421052.   -379364.   -420816.\n   -420816.   -421248.   -407580.   -434196.   -420820.   -421252.\n   -420816. -42082256.   -421012.   -420832.   -421252.   -420956.\n   -450016.   -407576.   -463272.   -421072.   -434200.   -421252.\n   -421072.   -463296.   -378776.   -420856.   -421080.   -450016.\n   -463288.   -420840.   -420956.   -421252.   -397756.   -378780.\n   -420956.   -421248.   -434004.   -421148.   -463296.   -793632.\n   -434204.   -421248.   -434212.   -407572.   -463292.   -434192.\n   -420956.   -420820.   -378804.   -421248.   -392172.   -420820.\n   -395936.   -392020.   -407588.   -420816.   -421248.   -434200.\n   -413904.   -420956. -42082256.   -420856.   -421088.   -434004.\n   -421012.   -434040.   -416224.   -434204.   -421012.   -397756.\n   -450040.   -402036.   -422620.   -434200.   -434036.   -444512.\n   -420824.   -420956.   -463268.   -407296.   -434204.   -378800.\n   -420956.   -391996.   -392164.   -407580.   -421112.   -421012.\n   -463596.   -434200.   -407568.   -420956.   -420820.   -421248.\n   -392188.   -420816.   -420816.   -439804.   -421012.   -421012.\n   -407572.   -420824.   -420956.   -421144.   -434196.   -421088.\n   -420816.   -421068.   -406988.   -395952.   -392180.   -420820.\n   -420956.   -420956.   -420952.   -420824.   -421012.   -420956.\n   -407572.   -434008.   -420808.   -450024.   -421248.   -434036.\n   -421692.   -407596.   -420816.   -392188.   -392188.   -421268.\n   -420824.   -420936.   -420956.   -463272.   -407588.   -420796.\n   -420788.   -421248.   -420820.   -420992.   -444512.   -450188.\n   -420956.   -420820.   -407740.   -420896.   -420828.   -420808.\n   -392188.   -434208.   -404720.   -450220.   -420820.   -420956.\n   -407568.   -434212.   -394356.   -395952.   -420956.   -407584.\n   -420780.   -421012.   -420832.   -420808.   -420820.   -434208.\n   -407592.   -434040.   -392168.   -420816.   -420832.   -420824.\n   -407572.   -407592.   -420820.   -434036.   -450036.   -420292.\n   -463096.   -421012.   -421088.   -420960.   -421052.   -420836.\n   -421248.   -407580.   -434204.   -407776.   -421012.   -392168.\n   -434032.   -421248.   -424652.   -421012.   -420964.   -135760.\n   -407576.   -440916.   -421012.   -420956.   -420956.   -420820.\n   -434208.   -421072.   -450016.   -420956.   -420828.   -420952.\n   -450016.   -434012.   -414132.   -421248.   -420776.   -420956.\n   -421112.   -420956.   -434204.   -450016.   -420960.   -434200.\n   -420820.   -421248.   -434204.   -450176.   -407568.   -439208.\n   -420956.   -434196.   -420788.   -378800.   -420956.   -463272.\n   -419752.   -420964.   -428052.   -463272.]", "train": null}}, "num_steps_sampled": 1500, "num_agent_steps_sampled": 1500, "num_steps_trained": 256, "num_agent_steps_trained": 256, "last_target_update_ts": 1500, "num_target_updates": 1}, "done": false, "episodes_total": 2, "training_iteration": 1, "experiment_id": "f8376381ddef481b86b2052b423d85cb", "date": "2021-12-21_10-05-36", "timestamp": 1640077536, "time_this_iter_s": 31.676002025604248, "time_total_s": 31.676002025604248, "pid": 4392, "hostname": "DESKTOP-DC3PIC0", "node_ip": "172.22.22.53", "config": {"num_workers": 1, "num_envs_per_worker": 1, "create_env_on_driver": false, "rollout_fragment_length": 1, "batch_mode": "truncate_episodes", "gamma": 0.99, "lr": 0.0001, "train_batch_size": 256, "model": {"_use_default_native_models": false, "fcnet_hiddens": [256, 256], "fcnet_activation": "tanh", "conv_filters": null, "conv_activation": "relu", "post_fcnet_hiddens": [], "post_fcnet_activation": "relu", "free_log_std": false, "no_final_linear": false, "vf_share_layers": true, "use_lstm": false, "max_seq_len": 20, "lstm_cell_size": 256, "lstm_use_prev_action": false, "lstm_use_prev_reward": false, "_time_major": false, "use_attention": false, "attention_num_transformer_units": 1, "attention_dim": 64, "attention_num_heads": 1, "attention_head_dim": 32, "attention_memory_inference": 50, "attention_memory_training": 50, "attention_position_wise_mlp_dim": 32, "attention_init_gru_gate_bias": 2.0, "attention_use_n_prev_actions": 0, "attention_use_n_prev_rewards": 0, "num_framestacks": "auto", "dim": 84, "grayscale": false, "zero_mean": true, "custom_model": null, "custom_model_config": {}, "custom_action_dist": null, "custom_preprocessor": null, "lstm_use_prev_action_reward": -1, "framestack": true}, "optimizer": {}, "horizon": null, "soft_horizon": false, "no_done_at_end": false, "env": "AC_Env", "observation_space": null, "action_space": null, "env_config": {}, "env_task_fn": null, "render_env": false, "record_env": false, "clip_rewards": null, "normalize_actions": true, "clip_actions": false, "preprocessor_pref": "deepmind", "log_level": "WARN", "callbacks": "<class 'ray.rllib.agents.callbacks.DefaultCallbacks'>", "ignore_worker_failures": false, "log_sys_usage": true, "fake_sampler": false, "framework": "tf", "eager_tracing": false, "explore": true, "exploration_config": {"type": "OrnsteinUhlenbeckNoise", "random_timesteps": 1000, "ou_base_scale": 0.1, "ou_theta": 0.15, "ou_sigma": 0.2, "initial_scale": 1.0, "final_scale": 1.0, "scale_timesteps": 10000}, "evaluation_interval": null, "evaluation_num_episodes": 10, "evaluation_parallel_to_training": false, "in_evaluation": false, "evaluation_config": {"explore": false}, "evaluation_num_workers": 0, "custom_eval_function": null, "sample_async": false, "sample_collector": "<class 'ray.rllib.evaluation.collectors.simple_list_collector.SimpleListCollector'>", "observation_filter": "NoFilter", "synchronize_filters": true, "tf_session_args": {"intra_op_parallelism_threads": 2, "inter_op_parallelism_threads": 2, "gpu_options": {"allow_growth": true}, "log_device_placement": false, "device_count": {"CPU": 1}, "allow_soft_placement": true}, "local_tf_session_args": {"intra_op_parallelism_threads": 8, "inter_op_parallelism_threads": 8}, "compress_observations": false, "collect_metrics_timeout": 180, "metrics_smoothing_episodes": 100, "remote_worker_envs": false, "remote_env_batch_wait_ms": 0, "min_iter_time_s": 1, "timesteps_per_iteration": 1000, "seed": null, "extra_python_environs_for_driver": {}, "extra_python_environs_for_worker": {}, "num_gpus": 1, "_fake_gpus": false, "num_cpus_per_worker": 8, "num_gpus_per_worker": 0, "custom_resources_per_worker": {}, "num_cpus_for_driver": 1, "placement_strategy": "PACK", "input": "sampler", "input_config": {}, "actions_in_input_normalized": false, "input_evaluation": ["is", "wis"], "postprocess_inputs": false, "shuffle_buffer_size": 0, "output": null, "output_compress_columns": ["obs", "new_obs"], "output_max_file_size": 67108864, "multiagent": {"policies": {"default_policy": ["<class 'ray.rllib.policy.tf_policy_template.DDPGTFPolicy'>", null, null, {}]},