{"episode_reward_max": 0.0, "episode_reward_min": 0.0, "episode_reward_mean": 0.0, "episode_len_mean": 748.5, "episode_media": {}, "episodes_this_iter": 2, "policy_reward_min": {}, "policy_reward_max": {}, "policy_reward_mean": {}, "custom_metrics": {}, "hist_stats": {"episode_reward": [0.0, 0.0], "episode_lengths": [505, 992]}, "sampler_perf": {"mean_raw_obs_processing_ms": 1.5936231390783422, "mean_inference_ms": 5.5176636761303826, "mean_action_processing_ms": 0.1062357290675845, "mean_env_wait_ms": 12.332421791386714, "mean_env_render_ms": 0.0}, "off_policy_estimator": {}, "num_healthy_workers": 1, "timesteps_total": 1500, "agent_timesteps_total": 1500, "timers": {"load_time_ms": 17.5, "load_throughput": 14628.436, "learn_time_ms": 112.002, "learn_throughput": 2285.671, "update_time_ms": 2.498}, "info": {"learner": {"default_policy": {"learner_stats": {"mean_q": 99036736.0, "max_q": 99482192.0, "min_q": 83730096.0, "model": {}}, "td_error": "[   991952.    990672.   1053288.   1049792.    992352.    990624.\n    990040.    992104.    990640.    989664.    990024.    988896.\n   1053280.    988912.    930888.    929128.    992088.   1053312.\n    990640.   1049808.    992088.    988912.   1049808.   1051536.\n    992368.    929128.    926856.   1049808.    929128.    992104.\n    992088.    990640.    902408.    993096.    926768.    990640.\n    992672.  99126936.    990624.    991272.   1165536.    892560.\n    990624.    926768.    950584.   1055024.    991272.    991952.\n    992368.    992104.    867088.    930840.    992104.    989664.\n    992224.    992104.   1049808.    929128.    990640.    990640.\n    992104.   1055128.    992672.   1165536.    990624.   1049808.\n   1053288.    913368.    990024.    990640.   1051536.    992368.\n    992384.    992104.   1049808.    992352.    992104.    988896.\n    990640.    990024.   1051536.    991272.    992688.   1053312.\n    978072.    990752.    990640.   1053280.    990624.    990640.\n   1005992.    992352.    992368.    989664.    990640.    992352.\n   1051536.    991272.    928600.   1048040.   1049808.    990640.\n    990624.    991272.    990624.    988896.    930840.    929128.\n    992512.    992104.   1053288.    991272.    930840.    990024.\n    928600. -13728344.    990640.    992368.   1051536.    991272.\n   1055128.    992672.    929128.    926768.    929128.   1049808.\n    993752.    992688.    990624.    990040.    993096.    990624.\n    989664.    929128.    990624.    988912.    928600.    988896.\n    992088.   1087744.   1026232.    991272.    990640.    990040.\n    930840.   1049808.   1055040.   1049808.    990640.    990624.\n    990624.    928600.    990640.   1055024.   1007360.    993096.\n    990624.    977272.    992672.    991272.    894696.    990040.\n    990640.    782400.   1053312.    992352.    990640.    990640.\n    991272.    990624.    991272.    990040.    988912.   1049808.\n    992384.    988896.   1049808.    992352.    991272.    929128.\n   1055016.    929128.    990640.   1013792.    990024.    990624.\n    991272.    992352.    929128.    930840.    991272.    990624.\n    926768.    991272.    990464.    992104.   1049808.   1006784.\n   1049808.   1049808.    991952.    990640.    993056.    991952.\n    990640.    994824.    991272.    929128.    988912.   1053312.\n    990512.    988896.    977520.    990624.    992400.    990640.\n    990640.    990624.   1049792.    992104.    992512.    930856.\n   1055128.    989664.    930856.    990640.    992104.   1051536.\n   1114208.    992352.    990624.    992104.    992368.   1150912.\n    991272.    990624.   1053312.    926768.    990624.    953456.\n    992384.    992352.    991952.    992672.    988896.    990512.\n    930856.    992672.    929128.    929128.    990640.    929128.\n    991272.    990640.    929128.    992104.]", "train": null}}, "num_steps_sampled": 1500, "num_agent_steps_sampled": 1500, "num_steps_trained": 256, "num_agent_steps_trained": 256, "last_target_update_ts": 1500, "num_target_updates": 1}, "done": false, "episodes_total": 2, "training_iteration": 1, "experiment_id": "a27eec64d9fe4dccb23d44b7e3b6c403", "date": "2021-12-21_10-02-56", "timestamp": 1640077376, "time_this_iter_s": 31.66599941253662, "time_total_s": 31.66599941253662, "pid": 30616, "hostname": "DESKTOP-DC3PIC0", "node_ip": "172.22.22.53", "config": {"num_workers": 1, "num_envs_per_worker": 1, "create_env_on_driver": false, "rollout_fragment_length": 1, "batch_mode": "truncate_episodes", "gamma": 0.99, "lr": 0.0001, "train_batch_size": 256, "model": {"_use_default_native_models": false, "fcnet_hiddens": [256, 256], "fcnet_activation": "tanh", "conv_filters": null, "conv_activation": "relu", "post_fcnet_hiddens": [], "post_fcnet_activation": "relu", "free_log_std": false, "no_final_linear": false, "vf_share_layers": true, "use_lstm": false, "max_seq_len": 20, "lstm_cell_size": 256, "lstm_use_prev_action": false, "lstm_use_prev_reward": false, "_time_major": false, "use_attention": false, "attention_num_transformer_units": 1, "attention_dim": 64, "attention_num_heads": 1, "attention_head_dim": 32, "attention_memory_inference": 50, "attention_memory_training": 50, "attention_position_wise_mlp_dim": 32, "attention_init_gru_gate_bias": 2.0, "attention_use_n_prev_actions": 0, "attention_use_n_prev_rewards": 0, "num_framestacks": "auto", "dim": 84, "grayscale": false, "zero_mean": true, "custom_model": null, "custom_model_config": {}, "custom_action_dist": null, "custom_preprocessor": null, "lstm_use_prev_action_reward": -1, "framestack": true}, "optimizer": {}, "horizon": null, "soft_horizon": false, "no_done_at_end": false, "env": "AC_Env", "observation_space": null, "action_space": null, "env_config": {}, "env_task_fn": null, "render_env": false, "record_env": false, "clip_rewards": null, "normalize_actions": true, "clip_actions": false, "preprocessor_pref": "deepmind", "log_level": "WARN", "callbacks": "<class 'ray.rllib.agents.callbacks.DefaultCallbacks'>", "ignore_worker_failures": false, "log_sys_usage": true, "fake_sampler": false, "framework": "tf", "eager_tracing": false, "explore": true, "exploration_config": {"type": "OrnsteinUhlenbeckNoise", "random_timesteps": 1000, "ou_base_scale": 0.1, "ou_theta": 0.15, "ou_sigma": 0.2, "initial_scale": 1.0, "final_scale": 1.0, "scale_timesteps": 10000}, "evaluation_interval": null, "evaluation_num_episodes": 10, "evaluation_parallel_to_training": false, "in_evaluation": false, "evaluation_config": {"explore": false}, "evaluation_num_workers": 0, "custom_eval_function": null, "sample_async": false, "sample_collector": "<class 'ray.rllib.evaluation.collectors.simple_list_collector.SimpleListCollector'>", "observation_filter": "NoFilter", "synchronize_filters": true, "tf_session_args": {"intra_op_parallelism_threads": 2, "inter_op_parallelism_threads": 2, "gpu_options": {"allow_growth": true}, "log_device_placement": false, "device_count": {"CPU": 1}, "allow_soft_placement": true}, "local_tf_session_args": {"intra_op_parallelism_threads": 8, "inter_op_parallelism_threads": 8}, "compress_observations": false, "collect_metrics_timeout": 180, "metrics_smoothing_episodes": 100, "remote_worker_envs": false, "remote_env_batch_wait_ms": 0, "min_iter_time_s": 1, "timesteps_per_iteration": 1000, "seed": null, "extra_python_environs_for_driver": {}, "extra_python_environs_for_worker": {}, "num_gpus": 1, "_fake_gpus": false, "num_cpus_per_worker": 8, "num_gpus_per_worker": 0, "custom_resources_per_worker": {}, "num_cpus_for_driver": 1, "placement_strategy": "PACK", "input": "sampler", "input_config": {}, "actions_in_input_normalized": false, "input_evaluation": ["is", "wis"], "postprocess_inputs": false, "shuffle_buffer_size": 0, "output": null, "output_compress_columns": ["obs", "new_obs"], "output_max_file_size": 67108864, "multiagent": {"policies": {"default_policy": ["<class 'ray.rllib.policy.tf_policy_template.DDPGTFPolicy'>", null, null, {}]},