{"episode_reward_max": 0.020832321315470307, "episode_reward_min": 0.001419153450099447, "episode_reward_mean": 0.00795412074450613, "episode_len_mean": 485.0, "episode_media": {}, "episodes_this_iter": 3, "policy_reward_min": {}, "policy_reward_max": {}, "policy_reward_mean": {}, "custom_metrics": {}, "hist_stats": {"episode_reward": [0.001419153450099447, 0.0016108874679486367, 0.020832321315470307], "episode_lengths": [429, 438, 588]}, "sampler_perf": {"mean_raw_obs_processing_ms": 2.2781886393669684, "mean_inference_ms": 8.407534161541639, "mean_action_processing_ms": 0.1310118828353526, "mean_env_wait_ms": 12.547235342758961, "mean_env_render_ms": 0.0}, "off_policy_estimator": {}, "num_healthy_workers": 1, "timesteps_total": 1500, "agent_timesteps_total": 1500, "timers": {"load_time_ms": 25.0, "load_throughput": 10240.156, "learn_time_ms": 127.501, "learn_throughput": 2007.831, "update_time_ms": 3.001}, "info": {"learner": {"default_policy": {"learner_stats": {"mean_q": -666.5132446289062, "max_q": -387.1511535644531, "min_q": -1136.972412109375, "model": {}}, "td_error": "[-1.42859497e+02 -1.17470154e+02  3.24857178e+01 -4.56419678e+01\n -1.50546875e+01 -3.29931641e+01  4.49364014e+01 -2.31025391e+01\n -7.29689331e+01  4.81666870e+01 -9.75537720e+01 -5.63378906e+00\n -6.89807129e+00 -6.02789307e+00 -5.06002808e+00  2.48900208e+02\n  9.46405640e+01 -5.73463135e+01 -1.05378418e+01 -2.21525757e+02\n -6.02789307e+00  9.00753174e+01  1.86036560e+02  3.84155884e+01\n -6.99379272e+01 -1.21653442e+01  7.88395996e+01 -7.36389160e+00\n -1.81897278e+01 -3.00645752e+01  7.68511963e+00 -2.35832214e+02\n -7.41784668e+00  1.87721558e+01 -6.29412842e+00 -2.38400269e+01\n -6.38934326e+00  3.78692627e+00 -8.55504150e+01 -3.20978088e+01\n  3.35036926e+01 -4.36231079e+01 -1.43099060e+01  6.17081299e+01\n -2.20560303e+01  3.31023438e+02 -3.77514648e+00 -1.21087646e+01\n  5.06172485e+01 -1.06340332e+01 -4.23513184e+01 -7.95281982e+00\n -4.06857300e+01 -4.36480713e+00  1.17449402e+02 -4.18267822e+00\n  1.32406250e+02 -8.45938110e+01 -1.22385681e+02 -2.05571960e+02\n -1.01373291e+00 -2.08614502e+01 -1.56233215e+01 -6.38934326e+00\n -1.59160156e+01  2.32604980e+01 -1.72918091e+01  4.36174316e+01\n -1.11840210e+01 -9.83587646e+00 -1.16118347e+02  2.54327393e+00\n -7.21804810e+01  3.24857178e+01 -1.18230591e+01  2.36824341e+01\n  2.44849976e+02  6.94570923e+01 -2.25739136e+01  2.71030884e+01\n -6.94219971e+00 -1.58424072e+01 -2.05514526e+00  2.90780640e+01\n -2.66046387e+02  1.25727539e+01 -1.95202637e+01 -6.12646484e+00\n -8.16687012e+00 -7.93786621e+00 -3.29931641e+01 -7.89862061e+00\n  1.19227905e+01 -3.24449463e+01 -1.02525574e+02  1.55673096e+02\n -5.02636719e+00 -1.61241760e+01 -4.41016235e+01  4.72269897e+01\n -4.85388184e+00  1.26134338e+02  3.32192383e+01  6.03021240e+00\n -1.32734985e+01 -3.67122192e+01 -1.35876465e+00 -4.51782227e-01\n  2.92593384e+01 -8.15124512e-01 -5.43640137e-01  9.96319580e+01\n  3.63372528e+02 -1.55334473e+01  1.48005920e+02 -2.78269501e+02\n  1.55653076e+01  2.32684326e+02 -2.81188965e-01  4.02514343e+01\n -8.09918213e+00  1.89676514e+01  5.21020203e+01  3.62866211e+00\n -7.83622131e+01 -6.78586426e+01  3.26312256e+01  1.59457397e+01\n -9.81463013e+01 -1.29354858e+01 -8.17333984e+00  2.43685242e+02\n -8.31384277e+00 -9.68566895e+00 -6.99379272e+01  1.83833984e+02\n  1.64239502e+00 -1.08049316e+01 -1.08540039e+01 -1.98167725e+02\n -5.53607178e+00 -1.62849152e+02  1.41722595e+02 -8.46466675e+01\n -1.48141479e+01 -7.14218445e+01  1.37878418e-01  4.45066528e+01\n -5.47708740e+01  1.02508484e+02 -1.59160156e+01 -3.65051270e-01\n -4.43809204e+01 -5.08851929e+01 -7.12335205e+00 -3.89418335e+01\n  1.78106689e+01 -7.08343506e-01 -3.32961121e+01  1.07022095e+01\n -2.93618896e+02  1.17355225e+02 -9.97790527e+01 -5.33054810e+01\n -1.15634460e+01 -7.89862061e+00 -1.07843628e+01  5.48590088e+00\n -1.21319519e+02 -2.97568970e+01 -2.88598633e+00 -2.56688843e+01\n -1.10612183e+01 -3.00645752e+01 -3.80864258e+01  4.96701050e+00\n  2.32604980e+01 -3.04873047e+01 -1.15833008e+02 -4.54833374e+01\n -1.25943604e+01 -2.75675049e+01 -2.51096191e+01  5.63673706e+01\n  2.43815918e+01 -4.52645264e+01 -3.46625641e+02  1.80845795e+02\n -2.09714355e+01 -2.81188965e-01 -1.99737549e+00 -1.47279663e+01\n -6.24114990e+00 -4.89311523e+01 -6.78586426e+01  5.81811523e+00\n -7.52242432e+01  4.02514343e+01 -1.23716492e+02 -5.05334473e+00\n -1.21653442e+01  1.37349915e+02  2.48900208e+02 -8.05244141e+01\n -3.24832825e+02  6.71264648e-01 -8.09918213e+00 -1.81951904e+00\n  1.15776001e+02 -1.26013184e+01  2.24124756e+01 -2.24565430e+01\n -1.74052734e+01 -2.15914917e+01  9.24583130e+01 -6.15716553e+01\n -2.71460266e+02  3.73209839e+01  2.44849976e+02 -1.82432190e+02\n -7.83622131e+01 -3.95404053e+00  3.73431396e+00 -2.55599976e+01\n -2.21036987e+01 -8.82133179e+01 -1.12654419e+02 -1.00194702e+01\n -1.13895264e+01 -9.83587646e+00  6.17081299e+01 -4.81506348e-01\n -2.08614502e+01 -2.21318359e+01  8.03244019e+01  7.45178223e+00\n -7.68505859e+00  8.71706238e+01  1.19227905e+01 -1.98009949e+01\n  1.59166748e+02 -2.99368896e+02 -4.52645264e+01 -1.66861694e+02\n -1.79176636e+01 -6.78228760e+00 -7.92834473e+00 -6.24114990e+00\n  2.24124756e+01  1.01325623e+02 -2.68771362e+01  4.12933350e+01\n -1.12854004e-01  2.69627930e+02 -1.66613770e+01 -3.77514648e+00]", "train": null}}, "num_steps_sampled": 1500, "num_agent_steps_sampled": 1500, "num_steps_trained": 256, "num_agent_steps_trained": 256, "last_target_update_ts": 1500, "num_target_updates": 1}, "done": false, "episodes_total": 3, "training_iteration": 1, "experiment_id": "3d0ebc87e4ac4c3488055ed4a50864aa", "date": "2021-12-21_11-42-39", "timestamp": 1640083359, "time_this_iter_s": 37.5065016746521, "time_total_s": 37.5065016746521, "pid": 34732, "hostname": "DESKTOP-DC3PIC0", "node_ip": "172.22.22.53", "config": {"num_workers": 1, "num_envs_per_worker": 1, "create_env_on_driver": false, "rollout_fragment_length": 1, "batch_mode": "truncate_episodes", "gamma": 0.99, "lr": 0.0001, "train_batch_size": 256, "model": {"_use_default_native_models": false, "fcnet_hiddens": [256, 256], "fcnet_activation": "tanh", "conv_filters": null, "conv_activation": "relu", "post_fcnet_hiddens": [], "post_fcnet_activation": "relu", "free_log_std": false, "no_final_linear": false, "vf_share_layers": true, "use_lstm": false, "max_seq_len": 20, "lstm_cell_size": 256, "lstm_use_prev_action": false, "lstm_use_prev_reward": false, "_time_major": false, "use_attention": false, "attention_num_transformer_units": 1, "attention_dim": 64, "attention_num_heads": 1, "attention_head_dim": 32, "attention_memory_inference": 50, "attention_memory_training": 50, "attention_position_wise_mlp_dim": 32, "attention_init_gru_gate_bias": 2.0, "attention_use_n_prev_actions": 0, "attention_use_n_prev_rewards": 0, "num_framestacks": "auto", "dim": 84, "grayscale": false, "zero_mean": true, "custom_model": null, "custom_model_config": {}, "custom_action_dist": null, "custom_preprocessor": null, "lstm_use_prev_action_reward": -1, "framestack": true}, "optimizer": {}, "horizon": null, "soft_horizon": false, "no_done_at_end": false, "env": "AC_Env", "observation_space": null, "action_space": null, "env_config": {}, "env_task_fn": null, "render_env": false, "record_env": false, "clip_rewards": null, "normalize_actions": true, "clip_actions": false, "preprocessor_pref": "deepmind", "log_level": "WARN", "callbacks": "<class 'ray.rllib.agents.callbacks.DefaultCallbacks'>", "ignore_worker_failures": false, "log_sys_usage": true, "fake_sampler": false, "framework": "tf", "eager_tracing": false, "explore": true, "exploration_config": {"type": "OrnsteinUhlenbeckNoise", "random_timesteps": 1000, "ou_base_scale": 0.1, "ou_theta": 0.15, "ou_sigma": 0.2, "initial_scale": 1.0, "final_scale": 1.0, "scale_timesteps": 10000}, "evaluation_interval": null, "evaluation_num_episodes": 10, "evaluation_parallel_to_training": false, "in_evaluation": false, "evaluation_config": {"explore": false},